province,points,percentage
Other,86.00377358490566,14.110756123535676
Mendoza Province,86.82641041537508,85.88924387646432
