province,points,percentage
Ontario,88.78947368421052,37.40157480314961
British Columbia,89.73417721518987,62.20472440944882
Canada Other,89.0,0.3937007874015748
