province,points,percentage
Kakheti,87.8169014084507,84.52380952380952
Georgia,86.92307692307692,15.476190476190476
