province,points,percentage
Lebanon,89.3076923076923,37.142857142857146
Bekaa Valley,86.72727272727273,62.857142857142854
