province,points,percentage
Valle de Guadalupe,85.16666666666667,94.28571428571429
San Vicente,88.0,2.857142857142857
San Antonio de las Minas Valley,85.5,2.857142857142857
