province,points,percentage
Moldova,87.46296296296296,91.52542372881356
Cahul,83.33333333333333,5.084745762711864
Codru Region,86.0,3.389830508474576
