province,points,percentage
Zenata,88.73684210526316,67.85714285714286
Guerrouane,87.33333333333333,10.714285714285714
Morocco,88.66666666666667,21.428571428571427
