province,points,percentage
Pocerina,87.0,8.333333333333334
Fruška Gora,86.33333333333333,25.0
Župa,88.0,66.66666666666667
