province,points,percentage
Valais,90.0,28.571428571428573
Switzerland,89.0,42.857142857142854
Ticino,83.0,14.285714285714286
Neuchâtel,90.0,14.285714285714286
